,link,title,Last_post_date,Last_post_time,Replies,Views
0,http://www.f150ecoboost.net/forum/68-2016-ford-f150-ecoboost-chat/37193-2017-f150-limited-ridiculous-family-hauler.html,2017 F150 Limited - Ridiculous Family Hauler.. :),Yesterday,22:04,49,5636
1,http://www.f150ecoboost.net/forum/68-2016-ford-f150-ecoboost-chat/50282-lets-hear-happy-2-7-owners-have-had-zero-issues-their-trucks.html,Lets hear from the happy 2.7 owners that have had ZERO issues with their trucks!,2017-08-25 00:00:00,17:13,19,504
2,http://www.f150ecoboost.net/forum/68-2016-ford-f150-ecoboost-chat/51265-2106-f150-squeak.html,2106 F150 squeak,2017-08-25 00:00:00,07:45,1,61
3,http://www.f150ecoboost.net/forum/68-2016-ford-f150-ecoboost-chat/51089-air-conditioning-hiccup.html,Air Conditioning hiccup,2017-08-23 00:00:00,14:28,1,67
4,http://www.f150ecoboost.net/forum/68-2016-ford-f150-ecoboost-chat/26690-2-7-eb-long-term-updates-normal-guy.html,2.7 EB long term updates (normal guy),2017-08-20 00:00:00,10:55,92,20119
5,http://www.f150ecoboost.net/forum/68-2016-ford-f150-ecoboost-chat/50530-foam-cover-purpose.html,Foam Cover Purpose?,2017-08-17 00:00:00,12:19,3,172
6,http://www.f150ecoboost.net/forum/68-2016-ford-f150-ecoboost-chat/49465-speedometer-cruise-don-t-match-up.html,Speedometer and cruise don't match up,2017-08-10 00:00:00,07:17,9,257
7,http://www.f150ecoboost.net/forum/68-2016-ford-f150-ecoboost-chat/49618-tpms-sensors.html,Tpms sensors,2017-08-05 00:00:00,05:48,1,186
8,http://www.f150ecoboost.net/forum/68-2016-ford-f150-ecoboost-chat/49234-16-3-5eb-diablo-i2-tune-1-4-mile.html,16 3.5EB: Diablo I2 tune and 1/4 mile,2017-08-02 00:00:00,14:58,8,350
9,http://www.f150ecoboost.net/forum/68-2016-ford-f150-ecoboost-chat/49130-exhausting-exhaust.html,exhausting exhaust,2017-08-02 00:00:00,11:34,11,473
10,http://www.f150ecoboost.net/forum/68-2016-ford-f150-ecoboost-chat/17363-intake-winner-15-16-a.html,Which intake is the winner for the '15-'16?,2017-08-01 00:00:00,18:04,27,3025
11,http://www.f150ecoboost.net/forum/68-2016-ford-f150-ecoboost-chat/49322-2016-3-5-ecoboost-blow-off.html,2016 3.5 Ecoboost Blow Off,2017-08-01 00:00:00,17:48,1,203
12,http://www.f150ecoboost.net/forum/68-2016-ford-f150-ecoboost-chat/49274-shuts-down-startup-while-towing.html,Shuts down at startup while towing,2017-07-30 00:00:00,16:37,1,139
13,http://www.f150ecoboost.net/forum/68-2016-ford-f150-ecoboost-chat/48993-replaced-sat-radio-antenna.html,Replaced sat radio antenna.,2017-07-28 00:00:00,13:20,4,218
14,http://www.f150ecoboost.net/forum/68-2016-ford-f150-ecoboost-chat/48945-advancetrac-hill-decent-faults-steering-issues.html,Advancetrac and Hill Decent faults and Steering issues,2017-07-25 00:00:00,17:29,3,132
15,http://www.f150ecoboost.net/forum/68-2016-ford-f150-ecoboost-chat/43490-cooled-seats-bedside-steps.html,Cooled Seats and Bedside Steps,2017-07-21 00:00:00,06:33,9,599
16,http://www.f150ecoboost.net/forum/68-2016-ford-f150-ecoboost-chat/22233-2-7l-xlt-club.html,The 2.7L XLT Club,2017-07-19 00:00:00,23:59,143,18512
17,http://www.f150ecoboost.net/forum/68-2016-ford-f150-ecoboost-chat/48377-2016-3-5-performance-question.html,2016 3.5 performance question,2017-07-18 00:00:00,17:44,9,442
18,http://www.f150ecoboost.net/forum/68-2016-ford-f150-ecoboost-chat/45858-2016-f150-2-7-adventures-case-leaking-oil-pan.html,2016 F150 2.7 Adventures; The case of the leaking oil pan.,2017-07-13 00:00:00,11:19,21,1407
19,http://www.f150ecoboost.net/forum/68-2016-ford-f150-ecoboost-chat/43769-what-s-difference-between-2017-raptor-3-5l-ecoboost-vs-stock-2017-ecoboost.html,What's the difference between the 2017 raptor 3.5L EcoBoost vs stock 2017 EcoBoost,2017-07-11 00:00:00,21:54,16,4752
20,http://www.f150ecoboost.net/forum/68-2016-ford-f150-ecoboost-chat/16610-what-did-you-pay-your-2016-truck.html,What did you pay for your 2016 Truck?,2017-07-09 00:00:00,06:48,129,57664
21,http://www.f150ecoboost.net/forum/68-2016-ford-f150-ecoboost-chat/22945-help-truckcap-topper-camper-shell.html,Help with Truckcap - topper - camper shell,2017-06-24 00:00:00,23:35,4,526
22,http://www.f150ecoboost.net/forum/68-2016-ford-f150-ecoboost-chat/45546-another-catch-can-question.html,Another Catch Can Question,2017-06-18 00:00:00,14:17,9,486
23,http://www.f150ecoboost.net/forum/68-2016-ford-f150-ecoboost-chat/45154-2016-f150-4x4-3-5l-acceleration-chirping-video-attached.html,2016 F150 4X4 3.5L Acceleration Chirping - Video Attached,2017-06-14 00:00:00,11:52,14,837
24,http://www.f150ecoboost.net/forum/68-2016-ford-f150-ecoboost-chat/16847-boost-gauge.html,Boost gauge,2017-06-10 00:00:00,07:59,21,7706
25,http://www.f150ecoboost.net/forum/68-2016-ford-f150-ecoboost-chat/44962-own-2016-driving-2014-loaner.html,"Own a 2016, driving a 2014 loaner",2017-06-03 00:00:00,10:09,4,427
26,http://www.f150ecoboost.net/forum/68-2016-ford-f150-ecoboost-chat/44818-2017-3-5-sub-forum.html,2017 3.5 Sub-Forum,2017-06-02 00:00:00,14:11,17,626
27,http://www.f150ecoboost.net/forum/68-2016-ford-f150-ecoboost-chat/44882-clearance-305-70-17-nitto-g2-raptor-wheels.html,Clearance for 305/70/17 Nitto G2 on Raptor wheels,2017-05-31 00:00:00,10:02,3,324
28,http://www.f150ecoboost.net/forum/68-2016-ford-f150-ecoboost-chat/26617-custom-fabbed-dual-gauge-pod-15-17-f150.html,Custom fabbed dual gauge pod for 15-17 f150,2017-05-30 00:00:00,21:16,42,3938
29,http://www.f150ecoboost.net/forum/68-2016-ford-f150-ecoboost-chat/44066-out-old-new.html,Out with the old in with the new,2017-05-30 00:00:00,16:10,4,489
30,http://www.f150ecoboost.net/forum/68-2016-ford-f150-ecoboost-chat/44754-just-ford-does-nobody-use-fuel-filters-anymore.html,Is it just ford or does nobody use fuel filters anymore?,2017-05-30 00:00:00,05:25,18,868
31,http://www.f150ecoboost.net/forum/68-2016-ford-f150-ecoboost-chat/43089-frustrated-16-3-5-eco-owner.html,Frustrated '16 3.5 Eco Owner,2017-05-23 00:00:00,14:24,18,1716
32,http://www.f150ecoboost.net/forum/68-2016-ford-f150-ecoboost-chat/44362-2017-3-5l-ecoboost-programming-tire-size.html,2017 3.5l Ecoboost programming for tire size...,2017-05-23 00:00:00,08:48,2,308
33,http://www.f150ecoboost.net/forum/68-2016-ford-f150-ecoboost-chat/43826-brake-pedal-issues.html,Brake pedal issues,2017-05-23 00:00:00,06:48,17,707
34,http://www.f150ecoboost.net/forum/68-2016-ford-f150-ecoboost-chat/43969-power-window-auto-up-not-working.html,Power window auto up not working,2017-05-19 00:00:00,13:26,8,344
35,http://www.f150ecoboost.net/forum/68-2016-ford-f150-ecoboost-chat/43346-17-f150-horn.html,17 f150 horn,2017-05-12 00:00:00,21:16,2,295
36,http://www.f150ecoboost.net/forum/68-2016-ford-f150-ecoboost-chat/43289-can-you-disable-sync-connect.html,Can you disable sync connect,2017-05-12 00:00:00,07:30,19,721
37,http://www.f150ecoboost.net/forum/68-2016-ford-f150-ecoboost-chat/41593-does-anyone-make-tuner-2016-expedition.html,Does anyone make a tuner for a 2016 Expedition?,2017-05-10 00:00:00,14:03,6,626
38,http://www.f150ecoboost.net/forum/68-2016-ford-f150-ecoboost-chat/43145-tuner-warranty-question.html,Tuner warranty question,2017-05-09 00:00:00,06:23,4,326
39,http://www.f150ecoboost.net/forum/68-2016-ford-f150-ecoboost-chat/16939-capless-gas-system-concern.html,Capless Gas System Concern.,2017-05-08 00:00:00,14:26,45,8490
40,http://www.f150ecoboost.net/forum/68-2016-ford-f150-ecoboost-chat/17446-headache-rack-wiring.html,Headache Rack Wiring,2017-05-08 00:00:00,10:58,8,1438
41,http://www.f150ecoboost.net/forum/68-2016-ford-f150-ecoboost-chat/37289-plug-play-catch-can.html,Plug and Play Catch can,2017-05-08 00:00:00,10:39,18,1394
42,http://www.f150ecoboost.net/forum/68-2016-ford-f150-ecoboost-chat/38505-ordered-my-new-truck-today.html,Ordered my new truck today.,2017-05-02 00:00:00,19:46,30,2020
43,http://www.f150ecoboost.net/forum/68-2016-ford-f150-ecoboost-chat/42481-bed-tent.html,Bed tent?,2017-04-30 00:00:00,12:55,2,260
44,http://www.f150ecoboost.net/forum/68-2016-ford-f150-ecoboost-chat/40081-factory-muffler-design.html,Factory muffler design,2017-04-25 00:00:00,06:05,23,2007
45,http://www.f150ecoboost.net/forum/68-2016-ford-f150-ecoboost-chat/41809-2016-hd-radio-addition.html,2016 HD radio addition,2017-04-21 00:00:00,22:26,1,298
46,http://www.f150ecoboost.net/forum/68-2016-ford-f150-ecoboost-chat/41705-towing-payliad-capacity.html,Towing/Payliad Capacity,2017-04-21 00:00:00,11:45,4,439
47,http://www.f150ecoboost.net/forum/68-2016-ford-f150-ecoboost-chat/41281-how-much-boost.html,How Much Boost?,2017-04-20 00:00:00,05:27,12,1609
48,http://www.f150ecoboost.net/forum/68-2016-ford-f150-ecoboost-chat/39233-2-7-turbos.html,2.7 turbos,2017-04-14 00:00:00,11:50,16,1351
49,http://www.f150ecoboost.net/forum/68-2016-ford-f150-ecoboost-chat/40521-vta-mod-void-warranty.html,VTA mod void warranty?,2017-04-11 00:00:00,12:54,14,1461
50,http://www.f150ecoboost.net/forum/68-2016-ford-f150-ecoboost-chat/40161-i-weighed-my-wheels-tires-today.html,I weighed my wheels/tires today.,2017-04-10 00:00:00,07:15,13,952
51,http://www.f150ecoboost.net/forum/68-2016-ford-f150-ecoboost-chat/15562-2016-xlt-sc-sport-fx4-magnetic-build-leveled.html,2016 XLT SC SPORT FX4 Magnetic Build - Leveled,2017-04-09 00:00:00,17:24,11,17554
52,http://www.f150ecoboost.net/forum/68-2016-ford-f150-ecoboost-chat/40425-502a-navigation.html,502a Navigation,2017-04-09 00:00:00,16:18,9,443
53,http://www.f150ecoboost.net/forum/68-2016-ford-f150-ecoboost-chat/40329-thoughts-about-our-new-16-a.html,Thoughts about our new '16,2017-04-08 00:00:00,06:43,1,433
54,http://www.f150ecoboost.net/forum/68-2016-ford-f150-ecoboost-chat/40385-text-message-tone-not-hear-when-plugged-into-usb-cable-synced.html,text message tone not hear when plugged into the USB cable and synced,2017-04-07 00:00:00,17:08,4,210
55,http://www.f150ecoboost.net/forum/68-2016-ford-f150-ecoboost-chat/40505-new-2016-6cyl-turbo-boost.html,New 2016 6cyl. turbo boost,2017-04-06 00:00:00,10:31,10,929
56,http://www.f150ecoboost.net/forum/68-2016-ford-f150-ecoboost-chat/40377-volume-iphone-sync-3-always-goes-back-so-i-can-t-barely-hear.html,Volume for iPhone and Sync 3 always goes back so I can't barely hear,2017-04-04 00:00:00,19:51,0,143
57,http://www.f150ecoboost.net/forum/68-2016-ford-f150-ecoboost-chat/37577-cross-post-my-truck-s-borla-s-type-catback.html,Cross post of my truck's Borla S-type catback.,2017-04-04 00:00:00,05:14,14,840
58,http://www.f150ecoboost.net/forum/68-2016-ford-f150-ecoboost-chat/39881-23-36-gal-upgrade.html,23 to 36 gal upgrade,2017-04-03 00:00:00,21:03,12,1105
59,http://www.f150ecoboost.net/forum/68-2016-ford-f150-ecoboost-chat/24242-android-auto-apple-car-play.html,Android auto/apple car play,2017-03-31 00:00:00,18:16,127,18261
60,http://www.f150ecoboost.net/forum/68-2016-ford-f150-ecoboost-chat/28889-condensation-leaking-exhaust.html,Condensation Leaking from Exhaust?,2017-03-31 00:00:00,06:38,12,1199
61,http://www.f150ecoboost.net/forum/68-2016-ford-f150-ecoboost-chat/38961-got-rid-fx4-rear-shocks.html,Got rid of FX4 rear shocks,2017-03-23 00:00:00,09:00,3,686
62,http://www.f150ecoboost.net/forum/68-2016-ford-f150-ecoboost-chat/38873-poplur-syn-brand-oil-being-used-3-5-ecoboost.html,Poplur SYN Brand Oil Being Used In 3.5 EcoBoost,2017-03-21 00:00:00,09:00,11,1515
63,http://www.f150ecoboost.net/forum/68-2016-ford-f150-ecoboost-chat/28090-what-brightest-replacement-halogen-bulbs.html,What are the brightest replacement halogen bulbs?,2017-03-18 00:00:00,17:16,10,1408
64,http://www.f150ecoboost.net/forum/68-2016-ford-f150-ecoboost-chat/29874-8-quarts-oil-6600-miles-3-qts-low-4000mi-2-7-eco-boost.html,8 Quarts of oil in 6600 miles? 3+ qts low at 4000mi...2.7 Eco Boost,2017-03-16 00:00:00,06:00,59,6177
65,http://www.f150ecoboost.net/forum/68-2016-ford-f150-ecoboost-chat/38161-i-need-favor-measure-something-me.html,I need a favor. Measure something for me?,2017-03-15 00:00:00,09:49,11,497
66,http://www.f150ecoboost.net/forum/68-2016-ford-f150-ecoboost-chat/38297-pics-limited-platinum-trucks-w-leveling-kits-stock-tires.html,Pics of Limited or Platinum trucks w/ Leveling Kits and stock tires?,2017-03-12 00:00:00,17:23,2,672
67,http://www.f150ecoboost.net/forum/68-2016-ford-f150-ecoboost-chat/37841-there-front-parking-assist-i-m-missing.html,Is there front parking assist that I'm missing?,2017-03-08 00:00:00,07:17,4,423
68,http://www.f150ecoboost.net/forum/68-2016-ford-f150-ecoboost-chat/37377-4x4-traction-control-issue.html,4x4 and traction control issue,2017-03-02 00:00:00,20:57,1,345
69,http://www.f150ecoboost.net/forum/68-2016-ford-f150-ecoboost-chat/35257-2017-3-31-vs-3-55-10-speed-trans.html,2017 3.31 vs 3.55 10 speed trans,2017-03-01 00:00:00,19:45,21,7369
70,http://www.f150ecoboost.net/forum/68-2016-ford-f150-ecoboost-chat/36697-lariat-help-please.html,Lariat help please.,2017-02-24 00:00:00,20:23,0,421
71,http://www.f150ecoboost.net/forum/68-2016-ford-f150-ecoboost-chat/35793-spare-part.html,Spare part???,2017-02-21 00:00:00,07:44,9,533
72,http://www.f150ecoboost.net/forum/68-2016-ford-f150-ecoboost-chat/31898-warranty-questions.html,Warranty questions,2017-02-17 00:00:00,11:21,22,2161
73,http://www.f150ecoboost.net/forum/68-2016-ford-f150-ecoboost-chat/35921-2016-3-5-ecoboost-corsa-db-exhaust-question.html,2016 3.5 Ecoboost Corsa DB Exhaust Question,2017-02-17 00:00:00,08:46,0,407
74,http://www.f150ecoboost.net/forum/68-2016-ford-f150-ecoboost-chat/32058-picking-up-2017-f150-platinum.html,picking up a 2017 f150 platinum,2017-02-15 00:00:00,18:32,9,1406
75,http://www.f150ecoboost.net/forum/68-2016-ford-f150-ecoboost-chat/27826-2016-f150-lariat-off-road-15k-miles-front-end-grinding-noise.html,"2016 F150 Lariat, Off-Road, 15k miles: front end grinding noise",2017-02-15 00:00:00,18:26,4,932
76,http://www.f150ecoboost.net/forum/68-2016-ford-f150-ecoboost-chat/32002-how-can-i-make-my-turbos-whistle-louder.html,How can I make my turbos whistle louder?,2017-02-11 00:00:00,05:48,35,7990
77,http://www.f150ecoboost.net/forum/68-2016-ford-f150-ecoboost-chat/32737-2016-3-5l-ecoboost-temperature-gauge-slow-rise-operating-temp.html,2016 3.5L Ecoboost Temperature Gauge Slow to Rise to Operating Temp,2017-02-11 00:00:00,05:38,6,812
78,http://www.f150ecoboost.net/forum/68-2016-ford-f150-ecoboost-chat/34889-spare-key-door.html,Spare key for door?,2017-02-09 00:00:00,13:04,6,449
79,http://www.f150ecoboost.net/forum/68-2016-ford-f150-ecoboost-chat/34585-intermittent-loose-power-shift-4th-gear.html,Intermittent loose of power shift in 4th gear,2017-02-09 00:00:00,08:51,4,316
80,http://www.f150ecoboost.net/forum/68-2016-ford-f150-ecoboost-chat/35041-keyless-entry-pad-2016-a.html,Keyless entry pad for 2016?,2017-02-08 00:00:00,07:53,2,402
81,http://www.f150ecoboost.net/forum/68-2016-ford-f150-ecoboost-chat/34905-mbrp-4-exhaust-after-all-dont-understand-all-negativity.html,"MBRP 4"" exhaust after all and dont understand all the negativity",2017-02-07 00:00:00,16:43,2,524
82,http://www.f150ecoboost.net/forum/68-2016-ford-f150-ecoboost-chat/28665-installed-afe-hot-cold-side-piping-today.html,Installed the AFE hot/cold side piping today,2017-02-07 00:00:00,15:28,4,580
83,http://www.f150ecoboost.net/forum/68-2016-ford-f150-ecoboost-chat/34649-mmo-marvel-mystery-oil.html,MMO - Marvel Mystery Oil,2017-02-05 00:00:00,12:40,13,1380
84,http://www.f150ecoboost.net/forum/68-2016-ford-f150-ecoboost-chat/34809-loud-ticking-noise-after-0-60-run-skeered-me.html,LOUD ticking noise after a 0-60 run. Skeered me....,2017-02-05 00:00:00,09:45,0,322
85,http://www.f150ecoboost.net/forum/68-2016-ford-f150-ecoboost-chat/34113-first-trip-my-2-7-track.html,First trip with my 2.7 at the track...,2017-02-01 00:00:00,14:39,13,1145
86,http://www.f150ecoboost.net/forum/68-2016-ford-f150-ecoboost-chat/33369-2016-2-7-raptor-wheels.html,2016 2.7 with raptor wheels,2017-01-31 00:00:00,12:48,11,2631
87,http://www.f150ecoboost.net/forum/68-2016-ford-f150-ecoboost-chat/34137-engine-off-feature-question.html,Engine on off feature question,2017-01-30 00:00:00,04:48,5,562
88,http://www.f150ecoboost.net/forum/68-2016-ford-f150-ecoboost-chat/33930-2-7-turbskis.html,2.7 turbskis,2017-01-28 00:00:00,19:28,5,439
89,http://www.f150ecoboost.net/forum/68-2016-ford-f150-ecoboost-chat/22697-first-post-new-ecoboost-owner.html,First Post - New Ecoboost Owner,2017-01-27 00:00:00,21:12,10,1094
90,http://www.f150ecoboost.net/forum/68-2016-ford-f150-ecoboost-chat/15673-looking-buy-2016-xlt-2-7-tt-tell-me-why-i-shouldn-t.html,"Looking to buy 2016 XLT 2.7 TT, Tell me why I shouldn't?",2017-01-26 00:00:00,22:15,41,8495
91,http://www.f150ecoboost.net/forum/68-2016-ford-f150-ecoboost-chat/33241-optima-battery.html,Optima battery?,2017-01-21 00:00:00,15:51,15,955
92,http://www.f150ecoboost.net/forum/68-2016-ford-f150-ecoboost-chat/32418-any-them-boosted-150s-been-out-play-snow.html,Any of them boosted 150s been out to play in the snow?,2017-01-21 00:00:00,15:34,10,880
93,http://www.f150ecoboost.net/forum/68-2016-ford-f150-ecoboost-chat/32361-satellite-radio-issues.html,Satellite radio issues,2017-01-17 00:00:00,12:15,6,620
94,http://www.f150ecoboost.net/forum/68-2016-ford-f150-ecoboost-chat/32769-misfires-normal.html,"Misfires ""Normal""",2017-01-17 00:00:00,12:14,10,1189
95,http://www.f150ecoboost.net/forum/68-2016-ford-f150-ecoboost-chat/32689-what-part.html,What part is this?,2017-01-11 00:00:00,20:00,3,304
96,http://www.f150ecoboost.net/forum/68-2016-ford-f150-ecoboost-chat/31817-new-lariat.html,New Lariat,2017-01-10 00:00:00,22:02,17,1499
97,http://www.f150ecoboost.net/forum/68-2016-ford-f150-ecoboost-chat/32242-passenger-front-floor-wet.html,Passenger front floor wet,2017-01-06 00:00:00,05:08,3,333
98,http://www.f150ecoboost.net/forum/68-2016-ford-f150-ecoboost-chat/18497-sync-3-problems.html,Sync 3 problems,2017-01-03 00:00:00,17:57,26,8261
99,http://www.f150ecoboost.net/forum/68-2016-ford-f150-ecoboost-chat/31346-pcv-operation.html,PCV operation,2017-01-03 00:00:00,13:46,10,681
100,http://www.f150ecoboost.net/forum/68-2016-ford-f150-ecoboost-chat/29706-advancetrac-fuse.html,Advancetrac fuse,2016-12-30 00:00:00,10:31,7,552
101,http://www.f150ecoboost.net/forum/68-2016-ford-f150-ecoboost-chat/31090-new-monthly-procedure-disconnect-battery.html,New monthly procedure - disconnect battery,2016-12-28 00:00:00,08:43,13,2309
102,http://www.f150ecoboost.net/forum/68-2016-ford-f150-ecoboost-chat/30857-how-fast-4-high.html,How fast in 4 High?,2016-12-23 00:00:00,14:05,15,1865
103,http://www.f150ecoboost.net/forum/68-2016-ford-f150-ecoboost-chat/31066-2-7-2wd-eaton-torsen-diff.html,2.7 2WD with Eaton Torsen diff,2016-12-21 00:00:00,11:35,18,1194
104,http://www.f150ecoboost.net/forum/68-2016-ford-f150-ecoboost-chat/22969-sync-3-questions.html,Sync 3 Questions,2016-12-14 00:00:00,21:08,6,702
105,http://www.f150ecoboost.net/forum/68-2016-ford-f150-ecoboost-chat/30289-2016-2-7-ecoboost-auto-start-stop-issue.html,2016 2.7 ecoboost auto start /stop issue,2016-12-14 00:00:00,17:05,8,867
106,http://www.f150ecoboost.net/forum/68-2016-ford-f150-ecoboost-chat/29490-electronic-gauge-help-won-t-stay-specified-screen.html,Electronic Gauge Help...won't stay on specified screen,2016-12-05 00:00:00,06:20,7,274
107,http://www.f150ecoboost.net/forum/68-2016-ford-f150-ecoboost-chat/23858-bright-headlights.html,Bright headlights,2016-12-01 00:00:00,15:10,44,4189
108,http://www.f150ecoboost.net/forum/68-2016-ford-f150-ecoboost-chat/29098-grille-shutters.html,Grille shutters,2016-12-01 00:00:00,09:33,14,2030
109,http://www.f150ecoboost.net/forum/68-2016-ford-f150-ecoboost-chat/29361-wanted-catch-can-but.html,Wanted to a Catch Can but!,2016-11-29 00:00:00,16:16,9,732
110,http://www.f150ecoboost.net/forum/68-2016-ford-f150-ecoboost-chat/28290-undercover-flex-tonneau-cover-opinions.html,Undercover flex tonneau cover opinions,2016-11-27 00:00:00,18:48,7,620
111,http://www.f150ecoboost.net/forum/68-2016-ford-f150-ecoboost-chat/22201-first-oil-change.html,First oil change?,2016-11-21 00:00:00,13:01,36,5596
112,http://www.f150ecoboost.net/forum/68-2016-ford-f150-ecoboost-chat/28602-so-they-say-wait-till-gets-colder.html,So they say... wait till it gets colder..,2016-11-17 00:00:00,12:44,7,836
113,http://www.f150ecoboost.net/forum/68-2016-ford-f150-ecoboost-chat/16703-ohhh-red.html,Ohhh red!!!!!!!,2016-11-17 00:00:00,09:48,17,1899
114,http://www.f150ecoboost.net/forum/68-2016-ford-f150-ecoboost-chat/28241-radio-coming.html,Radio coming on,2016-11-10 00:00:00,12:00,2,224
115,http://www.f150ecoboost.net/forum/68-2016-ford-f150-ecoboost-chat/27954-max-tire-size-without-front-leveling-kit.html,Max tire size without front leveling kit,2016-11-07 00:00:00,17:36,4,639
116,http://www.f150ecoboost.net/forum/68-2016-ford-f150-ecoboost-chat/27593-1st-road-trip.html,1st Road Trip,2016-11-05 00:00:00,20:18,8,475
117,http://www.f150ecoboost.net/forum/68-2016-ford-f150-ecoboost-chat/23457-2017-f150-screw-157-a.html,"2017 f150 screw 157""",2016-11-04 00:00:00,21:08,14,2766
118,http://www.f150ecoboost.net/forum/68-2016-ford-f150-ecoboost-chat/27497-removing-tailgate-f150-emblem-holes.html,removing the tailgate F150 emblem...Holes?,2016-11-04 00:00:00,08:17,10,1654
119,http://www.f150ecoboost.net/forum/68-2016-ford-f150-ecoboost-chat/27529-water-splashes-up-when-braking.html,Water splashes up when braking,2016-11-01 00:00:00,21:23,8,557
120,http://www.f150ecoboost.net/forum/68-2016-ford-f150-ecoboost-chat/26273-2016-2-7-suspenion-issues.html,2016 2.7 Suspenion issues,2016-11-01 00:00:00,19:52,13,1377
121,http://www.f150ecoboost.net/forum/68-2016-ford-f150-ecoboost-chat/26738-state-texas-what-all-illegal-us-truck-guy-want-do-our-trucks.html,In the state of Texas what is all illegal that us truck guy want to do to our trucks,2016-10-22 00:00:00,05:18,18,1185
122,http://www.f150ecoboost.net/forum/68-2016-ford-f150-ecoboost-chat/26409-thanks-add-nw-wyomng.html,Thanks for the add from NW Wyomng...,2016-10-21 00:00:00,00:37,4,314
123,http://www.f150ecoboost.net/forum/68-2016-ford-f150-ecoboost-chat/26730-ford-shutting-four-plants-over-next-few-weeks-including-f-150-plant.html,ford-shutting-four-plants-over-next-few-weeks-including-an-f-150-plant,2016-10-19 00:00:00,04:54,3,463
124,http://www.f150ecoboost.net/forum/68-2016-ford-f150-ecoboost-chat/24722-what-type-catch-can.html,What type of catch can,2016-10-16 00:00:00,15:49,20,1820
125,http://www.f150ecoboost.net/forum/68-2016-ford-f150-ecoboost-chat/26265-straight-up-did-ford-fix-cac-moisture-problem-2016-3-5l-eb.html,Straight up: Did Ford fix the CAC moisture problem in the 2016 3.5L EB?,2016-10-14 00:00:00,03:51,12,5235
126,http://www.f150ecoboost.net/forum/68-2016-ford-f150-ecoboost-chat/16202-finally.html,finally!,2016-10-13 00:00:00,09:41,13,1634
127,http://www.f150ecoboost.net/forum/68-2016-ford-f150-ecoboost-chat/26369-ignition-switched-circuit.html,Ignition switched circuit,2016-10-12 00:00:00,12:45,2,225
128,http://www.f150ecoboost.net/forum/68-2016-ford-f150-ecoboost-chat/25018-2016-3-5-ecoboost-knocking-low-miles.html,2016 3.5 Ecoboost Knocking with low miles,2016-10-12 00:00:00,10:20,23,2703
129,http://www.f150ecoboost.net/forum/68-2016-ford-f150-ecoboost-chat/17147-catch-can-worth.html,Is a Catch Can Worth It?,2016-10-10 00:00:00,09:07,30,7242
130,http://www.f150ecoboost.net/forum/68-2016-ford-f150-ecoboost-chat/17006-any-one-know-specs-18-sport-wheels.html,Any one know the specs on the 18&quot; sport wheels,2016-10-09 00:00:00,17:46,7,1263
131,http://www.f150ecoboost.net/forum/68-2016-ford-f150-ecoboost-chat/18178-questions-about-leveling-kits.html,Questions about leveling kits,2016-10-09 00:00:00,14:58,11,1532
132,http://www.f150ecoboost.net/forum/68-2016-ford-f150-ecoboost-chat/26129-i-wrecked-my-09-sierra.html,I wrecked my '09 Sierra...,2016-10-09 00:00:00,07:47,2,325
133,http://www.f150ecoboost.net/forum/68-2016-ford-f150-ecoboost-chat/26041-i-don-t-think-i-can-plug-one.html,I don't think I can plug this one....,2016-10-09 00:00:00,07:26,5,455
134,http://www.f150ecoboost.net/forum/68-2016-ford-f150-ecoboost-chat/25810-license-plate-mount.html,License Plate Mount,2016-10-08 00:00:00,10:50,6,1931
135,http://www.f150ecoboost.net/forum/68-2016-ford-f150-ecoboost-chat/25537-afe-fmic-ordered.html,AFE FMIC ordered!,2016-10-05 00:00:00,06:20,5,341
136,http://www.f150ecoboost.net/forum/68-2016-ford-f150-ecoboost-chat/25433-tow-mirrors.html,Tow Mirrors,2016-10-01 00:00:00,11:40,12,1068
137,http://www.f150ecoboost.net/forum/68-2016-ford-f150-ecoboost-chat/24930-boost-afr-gauge-install.html,Boost/AFR gauge install???,2016-09-30 00:00:00,06:01,10,888
138,http://www.f150ecoboost.net/forum/68-2016-ford-f150-ecoboost-chat/25002-2015-2016-tail-lights-headlights-led-perimeter.html,2015 2016 Tail lights and Headlights - LED Perimeter,2016-09-27 00:00:00,08:01,5,1702
139,http://www.f150ecoboost.net/forum/68-2016-ford-f150-ecoboost-chat/24826-any-else-dealer-say-any-mod-will-void-warranty.html,Any else dealer say any mod will void warranty,2016-09-22 00:00:00,08:47,7,1075
140,http://www.f150ecoboost.net/forum/68-2016-ford-f150-ecoboost-chat/24274-catch-can-install.html,Catch Can Install?,2016-09-20 00:00:00,15:51,3,531
141,http://www.f150ecoboost.net/forum/68-2016-ford-f150-ecoboost-chat/24698-led-light-bar.html,Led Light bar ?,2016-09-20 00:00:00,13:30,3,773
142,http://www.f150ecoboost.net/forum/68-2016-ford-f150-ecoboost-chat/24674-2016-3-5eco-info-catch-cans.html,2016 3.5Eco and Info on Catch Cans,2016-09-19 00:00:00,21:24,0,477
143,http://www.f150ecoboost.net/forum/68-2016-ford-f150-ecoboost-chat/22985-new-2016-super-crew.html,New 2016 super crew,2016-09-17 00:00:00,22:27,11,1546
144,http://www.f150ecoboost.net/forum/68-2016-ford-f150-ecoboost-chat/24474-2016-gauge-pod-ultragauge-vs-obd-ii-mx.html,"2016 gauge/pod, or ultragauge vs OBD-II MX",2016-09-17 00:00:00,18:38,6,742
145,http://www.f150ecoboost.net/forum/68-2016-ford-f150-ecoboost-chat/24210-2-7eb-87-93-stock.html,2.7EB 87 or 93 - Stock?,2016-09-16 00:00:00,08:09,15,1464
146,http://www.f150ecoboost.net/forum/68-2016-ford-f150-ecoboost-chat/17050-ford-jukebox.html,Ford 'jukebox' - ??,2016-09-09 00:00:00,16:01,10,1413
147,http://www.f150ecoboost.net/forum/68-2016-ford-f150-ecoboost-chat/23650-0-60-times.html,0-60 times,2016-09-07 00:00:00,08:08,0,623
148,http://www.f150ecoboost.net/forum/68-2016-ford-f150-ecoboost-chat/21729-hellwig-rsb-7743-anyone-use-one-yet.html,Hellwig RSB 7743-anyone use one yet?,2016-09-06 00:00:00,19:28,16,1114
149,http://www.f150ecoboost.net/forum/68-2016-ford-f150-ecoboost-chat/20914-fumoto-valve-oops.html,Fumoto valve oops!,2016-09-05 00:00:00,18:55,21,2838
150,http://www.f150ecoboost.net/forum/68-2016-ford-f150-ecoboost-chat/23401-little-body-work-my-new-truck.html,A little body work on my new truck,2016-09-05 00:00:00,11:06,1,548
151,http://www.f150ecoboost.net/forum/68-2016-ford-f150-ecoboost-chat/22977-anyone-else-try-e40-2-7-a.html,Anyone else try e40 in the 2.7???,2016-09-04 00:00:00,16:40,4,507
152,http://www.f150ecoboost.net/forum/68-2016-ford-f150-ecoboost-chat/23369-new-member-new-ecoboost-f-150-a.html,New Member and New Ecoboost F-150,2016-09-04 00:00:00,08:18,6,437
153,http://www.f150ecoboost.net/forum/68-2016-ford-f150-ecoboost-chat/22257-3-300-miles-nice-new-cracked-windshield.html,"3,300 Miles and a nice new cracked windshield",2016-09-02 00:00:00,23:18,11,829
154,http://www.f150ecoboost.net/forum/68-2016-ford-f150-ecoboost-chat/19546-my-new-ecoboost.html,My New Ecoboost,2016-09-02 00:00:00,19:37,19,2448
155,http://www.f150ecoboost.net/forum/68-2016-ford-f150-ecoboost-chat/23113-2-7-turbo-size-tranny.html,2.7 turbo size? And tranny,2016-08-31 00:00:00,12:05,2,596
156,http://www.f150ecoboost.net/forum/68-2016-ford-f150-ecoboost-chat/22489-extended-fuel-tank-question.html,Extended fuel tank question,2016-08-25 00:00:00,14:49,5,772
157,http://www.f150ecoboost.net/forum/68-2016-ford-f150-ecoboost-chat/22425-2016-f150-electrical-issue.html,2016 F150 electrical issue,2016-08-23 00:00:00,21:06,0,427
158,http://www.f150ecoboost.net/forum/68-2016-ford-f150-ecoboost-chat/20337-suspension-tweaking.html,Suspension tweaking,2016-08-20 00:00:00,08:39,6,662
159,http://www.f150ecoboost.net/forum/68-2016-ford-f150-ecoboost-chat/22145-driver-door-bed-truck-not-aligned-properly.html,Driver door and bed of truck not aligned properly,2016-08-20 00:00:00,00:36,4,410
160,http://www.f150ecoboost.net/forum/68-2016-ford-f150-ecoboost-chat/20569-picked-up-my-new-truck-tonight.html,Picked up my new truck tonight.,2016-08-18 00:00:00,00:56,10,1304
161,http://www.f150ecoboost.net/forum/68-2016-ford-f150-ecoboost-chat/20386-2500-miles-10-days.html,2500 miles in 10 days,2016-08-12 00:00:00,05:54,11,821
162,http://www.f150ecoboost.net/forum/68-2016-ford-f150-ecoboost-chat/21153-2017-ford-f-150-stx-appearance-package-video.html,2017 Ford F-150 STX Appearance Package - Video,2016-08-11 00:00:00,00:59,2,658
163,http://www.f150ecoboost.net/forum/68-2016-ford-f150-ecoboost-chat/16611-locker-rear.html,Locker rear,2016-08-08 00:00:00,08:30,16,2613
164,http://www.f150ecoboost.net/forum/68-2016-ford-f150-ecoboost-chat/17435-new-2016-platinum-already-tweaking-roush.html,New 2016 Platinum and already tweaking on it with Roush,2016-08-01 00:00:00,17:16,20,2818
165,http://www.f150ecoboost.net/forum/68-2016-ford-f150-ecoboost-chat/18242-tire-size-choices-2016-platinum-fx4.html,Tire size choices for 2016 Platinum FX4,2016-08-01 00:00:00,00:40,14,4196
166,http://www.f150ecoboost.net/forum/68-2016-ford-f150-ecoboost-chat/20225-front-level.html,Front level,2016-07-30 00:00:00,14:21,7,840
167,http://www.f150ecoboost.net/forum/68-2016-ford-f150-ecoboost-chat/20057-first-service-uneventful.html,First Service - uneventful,2016-07-26 00:00:00,08:47,0,450
168,http://www.f150ecoboost.net/forum/68-2016-ford-f150-ecoboost-chat/19761-2016-ecoboost.html,2016 ECoboost,2016-07-25 00:00:00,12:06,5,904
169,http://www.f150ecoboost.net/forum/68-2016-ford-f150-ecoboost-chat/19697-fmic-choices.html,FMIC choices?,2016-07-22 00:00:00,21:38,56,2021
170,http://www.f150ecoboost.net/forum/68-2016-ford-f150-ecoboost-chat/19081-weird-sound-not-sure-what.html,Weird sound...not sure what it is,2016-07-19 00:00:00,00:04,11,1177
171,http://www.f150ecoboost.net/forum/68-2016-ford-f150-ecoboost-chat/18842-bigger-tires.html,Bigger tires?,2016-07-17 00:00:00,07:36,7,1904
172,http://www.f150ecoboost.net/forum/68-2016-ford-f150-ecoboost-chat/19233-weighed-truck-today-she-s-fatty-lol.html,Weighed the Truck today....she's a fatty LOL,2016-07-14 00:00:00,14:45,16,1715
173,http://www.f150ecoboost.net/forum/68-2016-ford-f150-ecoboost-chat/18705-door-ding-protection.html,Door ding protection,2016-07-09 00:00:00,17:50,9,1368
174,http://www.f150ecoboost.net/forum/68-2016-ford-f150-ecoboost-chat/18129-yes-another-tire-thread.html,"Yes, another tire thread",2016-07-05 00:00:00,11:32,7,657
175,http://www.f150ecoboost.net/forum/68-2016-ford-f150-ecoboost-chat/17342-new-f150-platinum-1st-haul.html,New F150 Platinum - 1st haul,2016-07-05 00:00:00,08:04,9,1249
176,http://www.f150ecoboost.net/forum/68-2016-ford-f150-ecoboost-chat/15813-2016-3-5-eco-boost-knock-f150.html,2016 3.5 eco boost knock F150,2016-07-03 00:00:00,19:08,10,3014
177,http://www.f150ecoboost.net/forum/68-2016-ford-f150-ecoboost-chat/17331-my-upr-15-17-p-n-p-dual-valve-w-cscc-arrived-today.html,"my UPR 15-17 P n P, Dual Valve w CSCC arrived today!",2016-07-02 00:00:00,10:20,12,1192
178,http://www.f150ecoboost.net/forum/68-2016-ford-f150-ecoboost-chat/17650-my-new-2016-ecoboost.html,My new 2016 Ecoboost,2016-07-01 00:00:00,08:38,13,1538
179,http://www.f150ecoboost.net/forum/68-2016-ford-f150-ecoboost-chat/17634-i-need-modification-ideas.html,I need modification ideas!,2016-06-30 00:00:00,18:43,4,756
180,http://www.f150ecoboost.net/forum/68-2016-ford-f150-ecoboost-chat/17793-2016-need-2-inch-liftor-level.html,2016 need 2 inch liftor level?,2016-06-30 00:00:00,09:37,12,1710
181,http://www.f150ecoboost.net/forum/68-2016-ford-f150-ecoboost-chat/17441-my-new-2016-f150-3-5l-supercrew.html,My new 2016 F150 3.5L SuperCrew,2016-06-30 00:00:00,07:17,9,1085
182,http://www.f150ecoboost.net/forum/68-2016-ford-f150-ecoboost-chat/17478-new-2016-3-5-ecoboost-sluggish.html,New 2016 3.5 Ecoboost - sluggish,2016-06-28 00:00:00,05:46,19,2668
183,http://www.f150ecoboost.net/forum/68-2016-ford-f150-ecoboost-chat/17415-has-anyone-s-bed-really-cracked.html,Has Anyone's Bed Really Cracked?,2016-06-20 00:00:00,11:46,17,2570
184,http://www.f150ecoboost.net/forum/68-2016-ford-f150-ecoboost-chat/17390-traded-up-2016-a.html,Traded up for 2016,2016-06-18 00:00:00,09:05,14,1281
185,http://www.f150ecoboost.net/forum/68-2016-ford-f150-ecoboost-chat/17359-installed-roush-cai-200-miles-later-cel.html,Installed Roush CAI - 200 miles later = CEL,2016-06-15 00:00:00,20:11,12,1924
186,http://www.f150ecoboost.net/forum/68-2016-ford-f150-ecoboost-chat/17211-2016-5-0-v8-versus-2016-3-5-ecoboost.html,2016 5.0 V8 versus 2016 3.5 EcoBoost,2016-06-11 00:00:00,07:32,21,5675
187,http://www.f150ecoboost.net/forum/68-2016-ford-f150-ecoboost-chat/17134-anyone-have-da-hu-husky-under-seat-storage.html,anyone have a DA HU or Husky under seat storage,2016-06-03 00:00:00,11:30,5,1286
188,http://www.f150ecoboost.net/forum/68-2016-ford-f150-ecoboost-chat/17136-new-2016-ecoboost-halogen-headlights-morimoto-led-fogs.html,New 2016 EcoBoost! Halogen headlights and morimoto LED fogs,2016-06-02 00:00:00,14:59,14,2153
189,http://www.f150ecoboost.net/forum/68-2016-ford-f150-ecoboost-chat/17020-honest-your-honor.html,Honest your honor…,2016-06-01 00:00:00,16:20,7,801
190,http://www.f150ecoboost.net/forum/68-2016-ford-f150-ecoboost-chat/17154-gas-mileage.html,Gas Mileage,2016-06-01 00:00:00,00:59,4,902
191,http://www.f150ecoboost.net/forum/68-2016-ford-f150-ecoboost-chat/17144-flip-cup-holders-armrest.html,Flip cup holders on armrest?,2016-05-31 00:00:00,14:48,4,704
192,http://www.f150ecoboost.net/forum/68-2016-ford-f150-ecoboost-chat/17042-fence.html,On the fence,2016-05-31 00:00:00,03:33,13,1550
193,http://www.f150ecoboost.net/forum/68-2016-ford-f150-ecoboost-chat/17139-another-headlight-question.html,Another headlight question.,2016-05-30 00:00:00,07:47,4,528
194,http://www.f150ecoboost.net/forum/68-2016-ford-f150-ecoboost-chat/16839-new-guy-here-first-time-ecoboost-owner.html,New guy here........first time Ecoboost owner,2016-05-29 00:00:00,13:27,27,3120
195,http://www.f150ecoboost.net/forum/68-2016-ford-f150-ecoboost-chat/17118-need-some-help.html,Need some help,2016-05-28 00:00:00,13:41,1,327
196,http://www.f150ecoboost.net/forum/68-2016-ford-f150-ecoboost-chat/17103-rear-view-mirror-cap.html,Rear View Mirror Cap,2016-05-26 00:00:00,23:06,3,463
197,http://www.f150ecoboost.net/forum/68-2016-ford-f150-ecoboost-chat/17104-passenger-side-turbo-ring-removal.html,Passenger Side Turbo Ring Removal,2016-05-26 00:00:00,20:07,1,488
198,http://www.f150ecoboost.net/forum/68-2016-ford-f150-ecoboost-chat/17080-do-2015-tow-mirrors-fit-2016-a.html,Do 2015 tow mirrors fit on a 2016??,2016-05-26 00:00:00,01:09,8,815
199,http://www.f150ecoboost.net/forum/68-2016-ford-f150-ecoboost-chat/17052-front-license-plate-location.html,Front license plate location?,2016-05-24 00:00:00,07:07,8,1047
200,http://www.f150ecoboost.net/forum/68-2016-ford-f150-ecoboost-chat/16985-air-intake-woes.html,Air intake woes,2016-05-22 00:00:00,16:28,6,668
201,http://www.f150ecoboost.net/forum/68-2016-ford-f150-ecoboost-chat/17025-pre-15-tow-mirrors.html,Pre '15 tow mirrors,2016-05-22 00:00:00,06:47,2,301
202,http://www.f150ecoboost.net/forum/68-2016-ford-f150-ecoboost-chat/16894-well-i-did-what-i-wasn-t-going-do.html,"Well, I did what I wasn't going to do.",2016-05-22 00:00:00,00:46,15,1812
203,http://www.f150ecoboost.net/forum/68-2016-ford-f150-ecoboost-chat/16670-what-wheels-i-need-help.html,What wheels? I need help,2016-05-20 00:00:00,11:05,7,583
204,http://www.f150ecoboost.net/forum/68-2016-ford-f150-ecoboost-chat/16984-new-ecoboost-owner.html,New ecoboost owner,2016-05-20 00:00:00,05:48,6,662
205,http://www.f150ecoboost.net/forum/68-2016-ford-f150-ecoboost-chat/16989-fng-2016-limited.html,Fng 2016 limited,2016-05-19 00:00:00,09:57,11,1109
206,http://www.f150ecoboost.net/forum/68-2016-ford-f150-ecoboost-chat/16936-noise-truck.html,Noise from truck,2016-05-19 00:00:00,02:57,23,1333
207,http://www.f150ecoboost.net/forum/68-2016-ford-f150-ecoboost-chat/16761-new-16-screw-3-5-eb-fx4.html,New 16 screw 3.5 eb fx4,2016-05-18 00:00:00,20:34,22,2197
208,http://www.f150ecoboost.net/forum/68-2016-ford-f150-ecoboost-chat/16926-can-new-4x4-owner-jackup-front-end-spin-tire-me-please.html,Can a new 4x4 owner jackup the front end and spin the tire for me please?,2016-05-18 00:00:00,07:39,3,576
209,http://www.f150ecoboost.net/forum/68-2016-ford-f150-ecoboost-chat/16810-7000-mile-fl-ca-fl-report-2016-f150-pt-3-5-eco-tow-package.html,7000 mile Fl to Ca to Fl Report 2016 F150 Pt 3.5 eco Tow Package,2016-05-17 00:00:00,07:01,7,954
210,http://www.f150ecoboost.net/forum/68-2016-ford-f150-ecoboost-chat/16838-new-lt-geolander-go15.html,New Lt Geolander at go15,2016-05-14 00:00:00,18:54,19,1882
211,http://www.f150ecoboost.net/forum/68-2016-ford-f150-ecoboost-chat/16881-front-end-feels-lose-over-bumps.html,Front end feels lose over bumps,2016-05-13 00:00:00,10:02,3,440
212,http://www.f150ecoboost.net/forum/68-2016-ford-f150-ecoboost-chat/16868-fuzzy-backup-camera.html,Fuzzy backup camera,2016-05-13 00:00:00,07:03,3,1081
213,http://www.f150ecoboost.net/forum/68-2016-ford-f150-ecoboost-chat/16770-intake-diy.html,Intake diy ?,2016-05-11 00:00:00,13:30,9,1160
214,http://www.f150ecoboost.net/forum/68-2016-ford-f150-ecoboost-chat/16856-first-road-trip-new-truck.html,First Road Trip With The New Truck,2016-05-11 00:00:00,09:32,4,662
215,http://www.f150ecoboost.net/forum/68-2016-ford-f150-ecoboost-chat/16814-new-tires.html,New tires?,2016-05-10 00:00:00,07:51,14,1030
216,http://www.f150ecoboost.net/forum/68-2016-ford-f150-ecoboost-chat/16791-looking-quick-lift-billy-s-16-a.html,Looking for quick lift or Billy's for 16,2016-05-07 00:00:00,07:56,0,290
217,http://www.f150ecoboost.net/forum/68-2016-ford-f150-ecoboost-chat/16700-new-lower-grill-faux-license-plates.html,"New lower grill, faux license plates??",2016-05-07 00:00:00,02:28,3,558
218,http://www.f150ecoboost.net/forum/68-2016-ford-f150-ecoboost-chat/16469-newer-2-7-condensation.html,Newer 2.7 and condensation,2016-05-04 00:00:00,15:24,38,4018
219,http://www.f150ecoboost.net/forum/68-2016-ford-f150-ecoboost-chat/15212-my-2016-lariat-fx4-sport-build.html,My 2016 lariat FX4 sport build,2016-05-04 00:00:00,11:33,18,6516
220,http://www.f150ecoboost.net/forum/68-2016-ford-f150-ecoboost-chat/16695-auto-stop-start-question-mpg.html,Auto Stop/Start Question and MPG,2016-05-03 00:00:00,07:49,10,1246
221,http://www.f150ecoboost.net/forum/68-2016-ford-f150-ecoboost-chat/16716-led-switchbacks-turn-signals.html,LED Switchbacks / turn signals?,2016-05-02 00:00:00,19:12,8,900
222,http://www.f150ecoboost.net/forum/68-2016-ford-f150-ecoboost-chat/16707-oem-upgrades.html,OEM Upgrades??,2016-05-02 00:00:00,12:58,4,753
223,http://www.f150ecoboost.net/forum/68-2016-ford-f150-ecoboost-chat/16682-what-you-guys-think.html,What you guys think?,2016-05-02 00:00:00,10:20,6,680
224,http://www.f150ecoboost.net/forum/68-2016-ford-f150-ecoboost-chat/16684-110v-power-outlet.html,110v power outlet,2016-05-02 00:00:00,06:18,14,1929
225,http://www.f150ecoboost.net/forum/68-2016-ford-f150-ecoboost-chat/15585-real-world-gas-numbers.html,Real World Gas Numbers,2016-04-28 00:00:00,22:53,23,6512
226,http://www.f150ecoboost.net/forum/68-2016-ford-f150-ecoboost-chat/16475-placebo-effect-87-vs-91-octane.html,Placebo effect??? 87 vs 91 octane,2016-04-24 00:00:00,19:01,29,5141
227,http://www.f150ecoboost.net/forum/68-2016-ford-f150-ecoboost-chat/16468-nissan-titan-xd.html,Nissan Titan XD?,2016-04-22 00:00:00,09:18,12,1298
228,http://www.f150ecoboost.net/forum/68-2016-ford-f150-ecoboost-chat/16524-thoughts.html,Thoughts?,2016-04-19 00:00:00,22:23,6,442
229,http://www.f150ecoboost.net/forum/68-2016-ford-f150-ecoboost-chat/15176-adding-intelligent-access-push-button-start.html,Adding intelligent access push button start,2016-04-17 00:00:00,05:22,10,11425
230,http://www.f150ecoboost.net/forum/68-2016-ford-f150-ecoboost-chat/16422-295-60-20-tire-fitment-issue-solution.html,295/60/20 Tire Fitment Issue - Solution?,2016-04-16 00:00:00,14:23,3,1318
231,http://www.f150ecoboost.net/forum/68-2016-ford-f150-ecoboost-chat/16348-new-forum-new-f150.html,"New To The Forum, New To The F150",2016-04-14 00:00:00,16:31,31,2469
232,http://www.f150ecoboost.net/forum/68-2016-ford-f150-ecoboost-chat/16414-shackle-drop.html,Shackle Drop?,2016-04-13 00:00:00,11:24,2,382
233,http://www.f150ecoboost.net/forum/68-2016-ford-f150-ecoboost-chat/15838-what-s-your-stock-height-front-back-2-7-screw-5-5-bed-4x4.html,What's your stock height front and back 2.7 screw with 5.5 bed 4x4?,2016-04-12 00:00:00,20:27,3,778
234,http://www.f150ecoboost.net/forum/68-2016-ford-f150-ecoboost-chat/16156-quick-question.html,Quick question...,2016-04-03 00:00:00,16:27,5,773
235,http://www.f150ecoboost.net/forum/68-2016-ford-f150-ecoboost-chat/15782-second-generation-ecoboost-3-5l.html,Second Generation Ecoboost 3.5L,2016-03-24 00:00:00,13:59,8,3045
236,http://www.f150ecoboost.net/forum/68-2016-ford-f150-ecoboost-chat/15938-looking-get-into-2-7l-xlt-reg-cab-short-box.html,Looking to get into a 2.7L XLT reg cab with short box..,2016-03-16 00:00:00,19:24,7,2636
237,http://www.f150ecoboost.net/forum/68-2016-ford-f150-ecoboost-chat/15189-2016-f-150-pro-trailer-backup-assist.html,2016 F-150 :: Pro Trailer Backup Assist,2016-03-14 00:00:00,20:19,14,2688
238,http://www.f150ecoboost.net/forum/68-2016-ford-f150-ecoboost-chat/15198-pulled-trigger.html,Pulled the trigger!,2016-03-14 00:00:00,16:20,22,3083
239,http://www.f150ecoboost.net/forum/68-2016-ford-f150-ecoboost-chat/15848-new-ecoboost-driver-question.html,New EcoBoost Driver with Question,2016-03-11 00:00:00,19:18,7,1020
240,http://www.f150ecoboost.net/forum/68-2016-ford-f150-ecoboost-chat/15721-picked-up-my-new-2-7-ecoboost-today-before-storm-hits.html,Picked up my new 2.7 Ecoboost today before the storm hits,2016-03-02 00:00:00,14:16,11,1722
241,http://www.f150ecoboost.net/forum/68-2016-ford-f150-ecoboost-chat/15603-1.html,+1,2016-02-26 00:00:00,07:18,1,373
242,http://www.f150ecoboost.net/forum/68-2016-ford-f150-ecoboost-chat/15551-how-do-i-clean-out-inside-my-fog-light-housing.html,How do i clean out the inside of my fog light housing?,2016-02-21 00:00:00,11:43,1,412
243,http://www.f150ecoboost.net/forum/68-2016-ford-f150-ecoboost-chat/15527-2016-f150-lariat.html,2016 F150 Lariat,2016-02-20 00:00:00,00:33,10,2246
244,http://www.f150ecoboost.net/forum/68-2016-ford-f150-ecoboost-chat/15317-picked-mine-up-yesterday.html,Picked mine up yesterday,2016-02-15 00:00:00,10:03,7,1220
245,http://www.f150ecoboost.net/forum/68-2016-ford-f150-ecoboost-chat/15331-had-get-her.html,Had to get her,2016-02-15 00:00:00,09:59,5,1150
246,http://www.f150ecoboost.net/forum/68-2016-ford-f150-ecoboost-chat/15379-console-shifter-column.html,Console shifter to column ?,2016-02-13 00:00:00,18:26,6,2203
247,http://www.f150ecoboost.net/forum/68-2016-ford-f150-ecoboost-chat/15077-ford-lets-employees-give-out-z-plan-pin-feb.html,Ford lets employees give out A/Z plan pin in Feb,2016-01-29 00:00:00,08:52,1,741
248,http://www.f150ecoboost.net/forum/68-2016-ford-f150-ecoboost-chat/15021-new-member.html,New member,2016-01-27 00:00:00,11:20,8,601
249,http://www.f150ecoboost.net/forum/68-2016-ford-f150-ecoboost-chat/14805-new-member-purchasing-first-eco-boost.html,"New member, purchasing first eco boost",2016-01-23 00:00:00,11:44,14,2234
250,http://www.f150ecoboost.net/forum/68-2016-ford-f150-ecoboost-chat/14815-new-boost.html,New to the Boost,2016-01-15 00:00:00,05:55,6,960
251,http://www.f150ecoboost.net/forum/68-2016-ford-f150-ecoboost-chat/13573-section-forum-seems-lonely.html,This section of the forum seems lonely...,2015-12-29 00:00:00,12:12,26,3314
252,http://www.f150ecoboost.net/forum/68-2016-ford-f150-ecoboost-chat/14433-new-member-2016-f-150-3-5-ecoboost.html,New Member with a 2016 F-150 3.5 Ecoboost.,2015-12-14 00:00:00,17:22,8,2133
253,http://www.f150ecoboost.net/forum/68-2016-ford-f150-ecoboost-chat/15721-picked-up-my-new-2-7-ecoboost-today-before-storm-hits.html,Picked up my new 2.7 Ecoboost today before the storm hits,2016-03-02 00:00:00,14:16,11,1722
254,http://www.f150ecoboost.net/forum/68-2016-ford-f150-ecoboost-chat/15603-1.html,+1,2016-02-26 00:00:00,07:18,1,373
255,http://www.f150ecoboost.net/forum/68-2016-ford-f150-ecoboost-chat/15551-how-do-i-clean-out-inside-my-fog-light-housing.html,How do i clean out the inside of my fog light housing?,2016-02-21 00:00:00,11:43,1,412
256,http://www.f150ecoboost.net/forum/68-2016-ford-f150-ecoboost-chat/15527-2016-f150-lariat.html,2016 F150 Lariat,2016-02-20 00:00:00,00:33,10,2246
257,http://www.f150ecoboost.net/forum/68-2016-ford-f150-ecoboost-chat/15317-picked-mine-up-yesterday.html,Picked mine up yesterday,2016-02-15 00:00:00,10:03,7,1220
258,http://www.f150ecoboost.net/forum/68-2016-ford-f150-ecoboost-chat/15331-had-get-her.html,Had to get her,2016-02-15 00:00:00,09:59,5,1150
259,http://www.f150ecoboost.net/forum/68-2016-ford-f150-ecoboost-chat/15379-console-shifter-column.html,Console shifter to column ?,2016-02-13 00:00:00,18:26,6,2203
260,http://www.f150ecoboost.net/forum/68-2016-ford-f150-ecoboost-chat/15077-ford-lets-employees-give-out-z-plan-pin-feb.html,Ford lets employees give out A/Z plan pin in Feb,2016-01-29 00:00:00,08:52,1,741
261,http://www.f150ecoboost.net/forum/68-2016-ford-f150-ecoboost-chat/15021-new-member.html,New member,2016-01-27 00:00:00,11:20,8,601
262,http://www.f150ecoboost.net/forum/68-2016-ford-f150-ecoboost-chat/14805-new-member-purchasing-first-eco-boost.html,"New member, purchasing first eco boost",2016-01-23 00:00:00,11:44,14,2234
263,http://www.f150ecoboost.net/forum/68-2016-ford-f150-ecoboost-chat/14815-new-boost.html,New to the Boost,2016-01-15 00:00:00,05:55,6,960
264,http://www.f150ecoboost.net/forum/68-2016-ford-f150-ecoboost-chat/13573-section-forum-seems-lonely.html,This section of the forum seems lonely...,2015-12-29 00:00:00,12:12,26,3314
265,http://www.f150ecoboost.net/forum/68-2016-ford-f150-ecoboost-chat/14433-new-member-2016-f-150-3-5-ecoboost.html,New Member with a 2016 F-150 3.5 Ecoboost.,2015-12-14 00:00:00,17:22,8,2133
